CREATE DATABASE MOVIE;
USE MOVIE;
CREATE TABLE MOVIES(TITLE VARCHAR(20) NOT NULL,DIRECTOR VARCHAR(20) NOT NULL,MYEAR INT NOT NULL,RATING INT NOT NULL,PRIMARY KEY(TITLE));
INSERT INTO MOVIES(TITLE,DIRECTOR,MYEAR,RATING)VALUES('FARGO','COEN',1996,8.2);
INSERT INTO MOVIES(TITLE,DIRECTOR,MYEAR,RATING)VALUES('RAIZING ARIZONA','COEN',1987,7.6);
INSERT INTO MOVIES(TITLE,DIRECTOR,MYEAR,RATING)VALUES('SPIDERMAN','RAIMI',2002,7.4);
INSERT INTO MOVIES(TITLE,DIRECTOR,MYEAR,RATING)VALUES('WONDERBOYS','HANSON',2000,7.6);

CREATE TABLE ACTORS(ACTOR VARCHAR(20) NOT NULL,AYEAR INT NOT NULL,PRIMARY KEY(ACTOR));
INSERT INTO ACTORS(ACTOR,AYEAR)VALUES('CAGE',1964);
INSERT INTO ACTORS(ACTOR,AYEAR)VALUES('HANKS',1956);
INSERT INTO ACTORS(ACTOR,AYEAR)VALUES('MAGUIRE',1975);
INSERT INTO ACTORS(ACTOR,AYEAR)VALUES('MCDORMAND',1957);

CREATE TABLE ACTS(ACTOR VARCHAR(20) NOT NULL,TITLE VARCHAR(20) NOT NULL,FOREIGN KEY (TITLE)REFERENCES MOVIES(TITLE) ON DELETE CASCADE);
INSERT INTO ACTS(ACTOR,TITLE)VALUES('CAGE','RAIZING ARIZONA');
INSERT INTO ACTS(ACTOR,TITLE)VALUES('MAGUIRE','SPIDERMAN');
INSERT INTO ACTS(ACTOR,TITLE)VALUES('MAGUIRE','WONDERBOYS');
INSERT INTO ACTS(ACTOR,TITLE)VALUES('MCDORMAND','FARGO');
INSERT INTO ACTS(ACTOR,TITLE)VALUES('MCDORMAND','RAIZING ARIZONA');
INSERT INTO ACTS(ACTOR,TITLE)VALUES('MCDORMAND','WONDERBOYS');

CREATE TABLE DIRECTORS(DIRECTOR VARCHAR(20) NOT NULL, DYEAR INT NOT NULL);
INSERT INTO DIRECTORS(DIRECTOR,DYEAR)VALUES('COEN',1954);
INSERT INTO DIRECTORS(DIRECTOR,DYEAR)VALUES('HANSON',1945);
INSERT INTO DIRECTORS(DIRECTOR,DYEAR)VALUES('COEN',1954);
INSERT INTO DIRECTORS(DIRECTOR,DYEAR)VALUES('RAIMI',1959);

SELECT * FROM MOVIES;

SELECT * FROM ACTORS;

SELECT * FROM ACTS;

SELECT * FROM DIRECTORS;

SELECT TITLE FROM MOVIES WHERE MYEAR>1997;

SELECT TITLE FROM MOVIES WHERE DIRECTOR='HANSON'AND MYEAR>1997;

SELECT TITLE,RATING FROM MOVIES;

SELECT DISTINCT MOVIES.DIRECTOR,ACTS.TITLE FROM MOVIES INNER JOIN  ACTS ON MOVIES.TITLE=ACTS.TITLE;

SELECT MOVIES.TITLE FROM MOVIES INNER JOIN  ACTS ON MOVIES.TITLE=ACTS.TITLE WHERE DIRECTOR='COEN' AND ACTOR='MCDORMAND';
